,Associate's degree,Bachelor's degree,Graduate or professional degree,High school diploma or GED,Less than 9th grade,Some college,Some high school
10100,2.12%,17.4%,13.5%,16.4%,0.0065,25.9%,6.11%
10201,4.45%,18.9%,7.45%,17.3%,0.0958,17.8%,8.44%
10202,4.47%,15.7%,8.74%,12.4%,0.0758,14.5%,6.6%
10300,3.6%,13.4%,13.5%,17.0%,0.0352,13.2%,7.45%
10400,3.04%,15.7%,14.9%,6.92%,0.0079,6.62%,0.0%
10501,1.14%,23.2%,18.9%,11.7%,0.0009,16.4%,3.65%
10502,4.15%,21.7%,14.4%,6.42%,0.0033,19.3%,3.65%
10503,0.89%,10.8%,11.2%,7.5%,0.0052,6.51%,3.25%
10600,6.92%,19.1%,16.1%,13.7%,0.039599999999999996,15.0%,2.12%
10701,2.34%,19.0%,16.2%,18.4%,0.11050000000000001,10.3%,2.62%
10702,3.75%,22.1%,13.6%,14.6%,0.122,11.6%,5.16%
20100,4.6%,16.7%,6.72%,14.7%,0.0556,16.8%,9.56%
20200,3.07%,18.9%,15.7%,11.8%,0.008,16.5%,7.58%
20301,3.3%,21.1%,13.1%,9.78%,0.0084,7.33%,3.12%
20302,4.61%,24.5%,15.4%,12.2%,0.012999999999999998,8.48%,2.95%
20400,3.08%,19.4%,15.2%,18.1%,0.0442,8.64%,3.21%
20500,2.56%,17.8%,7.91%,18.3%,0.12069999999999999,6.88%,7.37%
20601,2.89%,17.6%,8.49%,18.5%,0.054000000000000006,10.6%,3.99%
20602,3.47%,20.2%,11.6%,14.1%,0.0441,14.0%,5.68%
20701,6.61%,19.8%,16.8%,16.8%,0.0198,9.5%,1.59%
20702,5.86%,16.0%,4.87%,15.5%,0.06689999999999999,14.4%,7.7%
20801,8.12%,14.1%,11.6%,10.1%,0.0897,12.8%,5.48%
20802,4.31%,16.5%,9.68%,17.9%,0.1223,12.6%,4.58%
20901,4.39%,20.0%,10.8%,19.0%,0.0541,14.4%,7.02%
20902,6.77%,17.2%,6.09%,20.6%,0.11080000000000001,6.39%,3.99%
30101,4.51%,29.7%,12.8%,15.7%,0.0295,11.8%,2.64%
30102,7.67%,25.4%,12.9%,11.1%,0.0075,17.4%,2.33%
30103,3.73%,21.1%,17.3%,2.98%,0.0042,8.87%,0.0%
30104,1.78%,10.5%,6.09%,6.43%,0.0132,5.65%,0.76%
30200,3.36%,25.3%,25.2%,7.26%,0.009,12.1%,3.53%
30300,4.86%,18.8%,9.88%,19.9%,0.09,14.8%,2.67%
30400,2.21%,29.1%,18.5%,11.3%,0.0,10.2%,3.94%
30500,4.75%,27.4%,23.1%,12.3%,0.0271,10.1%,2.54%
30601,2.47%,21.3%,15.3%,17.5%,0.053500000000000006,6.44%,2.44%
30603,3.55%,24.2%,20.8%,22.8%,0.0219,13.6%,2.98%
30604,1.95%,25.9%,16.0%,9.81%,0.0038,19.5%,0.72%
30701,7.38%,25.0%,12.1%,9.42%,0.0406,16.8%,4.06%
30702,6.77%,29.5%,26.9%,4.34%,0.0,5.28%,2.65%
30703,5.17%,25.4%,18.9%,3.97%,0.0291,10.1%,5.27%
30706,0.6%,26.0%,13.4%,13.4%,0.0287,10.6%,1.65%
30800,2.75%,28.8%,23.7%,9.14%,0.0146,1.66%,3.69%
30900,4.99%,30.0%,19.0%,6.0%,0.0085,13.0%,5.23%
31000,2.65%,30.8%,24.7%,8.5%,0.0062,8.79%,2.15%
31100,4.6%,35.2%,13.9%,7.03%,0.0529,9.68%,2.35%
31200,1.38%,26.5%,10.9%,19.3%,0.0432,7.93%,9.82%
31300,3.62%,24.3%,12.7%,12.2%,0.0086,10.7%,2.16%
31400,3.81%,35.9%,25.0%,3.19%,0.004,5.26%,0.38%
31501,2.01%,20.2%,10.1%,12.9%,0.06620000000000001,13.2%,6.36%
31502,5.6%,21.3%,7.89%,16.4%,0.0322,14.8%,7.15%
31700,4.14%,29.5%,16.7%,13.5%,0.0104,11.4%,4.2%
31800,4.55%,41.1%,22.5%,8.79%,0.009899999999999999,7.45%,2.77%
31900,4.84%,37.9%,16.8%,6.38%,0.0217,6.22%,5.23%
32100,4.02%,35.0%,16.3%,8.9%,0.0008,8.05%,1.67%
40100,3.04%,31.3%,19.6%,7.08%,0.032299999999999995,10.3%,4.86%
40201,3.88%,36.6%,14.8%,7.38%,0.0412,13.5%,2.13%
40202,4.94%,23.1%,13.4%,16.2%,0.0228,12.0%,3.28%
40300,4.41%,20.1%,19.8%,7.39%,0.024,11.0%,3.96%
40401,3.87%,34.2%,28.8%,9.07%,0.011800000000000001,7.32%,1.29%
40402,1.0%,37.4%,34.4%,4.8%,0.0027,9.03%,0.0%
40600,3.98%,34.4%,28.8%,6.42%,0.0046,7.06%,1.72%
40700,3.7%,38.9%,20.8%,6.82%,0.0413,8.01%,3.37%
40800,4.37%,34.0%,24.1%,4.29%,0.0,9.04%,3.89%
40900,4.12%,39.2%,26.9%,2.83%,0.0047,12.7%,0.0%
50100,1.59%,40.4%,26.6%,4.0%,0.0056,8.75%,3.21%
50200,1.34%,32.2%,19.8%,4.26%,0.0291,14.9%,0.48%
50300,2.7%,30.7%,20.0%,9.02%,0.0,10.3%,4.69%
50500,2.27%,39.7%,25.0%,6.71%,0.0015,5.77%,2.27%
50600,2.34%,44.5%,25.9%,3.28%,0.0,8.74%,0.0%
50700,0.47%,36.0%,36.4%,2.84%,0.0,5.77%,1.59%
50800,0.36%,44.5%,27.4%,5.05%,0.0,5.42%,1.35%
50900,4.2%,36.6%,24.4%,5.66%,0.0,14.7%,0.0%
51000,3.08%,38.2%,30.7%,2.49%,0.0331,9.77%,0.9%
51100,0.88%,38.2%,26.5%,4.92%,0.039599999999999996,5.16%,0.0%
51200,4.32%,40.4%,29.9%,3.26%,0.0195,4.56%,3.75%
51300,0.0%,42.6%,33.6%,3.49%,0.0038,6.36%,1.15%
51400,1.73%,38.6%,24.0%,5.47%,0.016,10.2%,2.43%
60100,3.83%,35.2%,30.8%,3.51%,0.0,8.09%,0.55%
60200,1.96%,44.2%,19.4%,4.48%,0.0427,6.75%,0.37%
60300,2.01%,41.5%,26.4%,4.51%,0.006,7.26%,0.0%
60400,0.5%,38.9%,25.2%,8.61%,0.0,4.78%,0.0%
60500,0.0%,23.7%,16.2%,4.77%,0.0124,11.2%,0.0%
60800,3.82%,44.2%,23.6%,3.04%,0.002,5.34%,0.27%
60900,4.51%,31.4%,20.5%,7.59%,0.0062,8.07%,3.13%
61000,0.25%,37.7%,23.1%,3.15%,0.0,9.78%,0.0%
61100,2.45%,38.6%,18.3%,0.77%,0.0,6.37%,0.0%
61200,1.24%,46.8%,22.5%,0.62%,0.0,4.91%,0.0%
61500,3.27%,38.0%,27.8%,2.26%,0.0036,7.71%,0.0%
61800,4.2%,33.6%,17.1%,5.63%,0.0071,8.22%,0.98%
61901,1.62%,36.7%,34.2%,2.94%,0.0,5.75%,0.43%
61902,4.08%,33.6%,21.6%,3.49%,0.0,6.71%,0.0%
62000,2.41%,43.3%,22.7%,5.62%,0.0004,5.73%,0.6%
62100,3.08%,35.6%,20.9%,3.36%,0.0,7.03%,0.69%
62200,0.9%,43.9%,21.6%,5.67%,0.0,4.65%,0.67%
62300,1.6%,42.8%,32.2%,3.04%,0.0,4.27%,0.43%
62400,1.09%,45.6%,34.0%,2.02%,0.005,1.43%,0.84%
62500,2.48%,45.8%,32.6%,0.91%,0.0,2.63%,0.0%
62600,1.71%,38.9%,37.6%,1.64%,0.0106,5.37%,0.24%
62700,2.29%,32.9%,27.2%,1.88%,0.0211,10.1%,0.0%
62800,1.02%,49.0%,28.7%,2.34%,0.0033,3.26%,0.85%
62900,1.7%,44.9%,22.8%,2.41%,0.0023,6.09%,0.0%
63000,3.1%,46.9%,31.9%,1.44%,0.0,3.97%,0.25%
63100,2.08%,39.5%,28.9%,4.34%,0.0,4.73%,0.14%
63200,2.91%,32.4%,24.9%,3.29%,0.0,7.88%,1.26%
63301,2.33%,30.8%,17.3%,2.81%,0.009600000000000001,7.84%,0.0%
63302,1.8%,36.6%,24.7%,2.56%,0.0,3.37%,0.0%
63303,1.18%,23.2%,14.3%,1.65%,0.0071,3.38%,0.0%
63400,5.31%,45.3%,25.3%,1.96%,0.0117,4.33%,0.0%
70101,0.96%,35.8%,23.2%,1.89%,0.0,2.82%,0.0%
70102,3.09%,34.6%,28.2%,3.08%,0.0048,7.35%,1.47%
70103,2.66%,32.7%,20.6%,0.73%,0.0,3.47%,1.13%
70200,0.73%,38.1%,34.1%,2.67%,0.0028,3.99%,0.0%
70300,1.27%,43.4%,25.6%,1.84%,0.0025,4.07%,0.41%
70400,0.28%,30.5%,21.1%,4.78%,0.0196,4.21%,0.72%
70500,0.6%,33.7%,26.4%,5.47%,0.003,5.93%,0.9%
70600,0.0%,40.6%,32.2%,0.28%,0.0048,5.21%,0.32%
70700,1.87%,40.1%,27.7%,6.16%,0.0094,6.63%,1.27%
71000,1.06%,27.4%,9.67%,0.59%,0.0019,2.7%,0.0%
71100,0.96%,34.7%,17.9%,0.68%,0.0,1.65%,0.0%
71200,4.25%,40.3%,19.4%,1.54%,0.0068,4.8%,0.0%
71300,2.22%,38.6%,27.8%,0.75%,0.0,1.98%,0.03%
71400,0.88%,34.0%,29.9%,3.57%,0.0014,4.24%,0.79%
71500,0.31%,49.6%,28.2%,1.87%,0.0,4.4%,0.26%
71600,0.92%,30.9%,32.5%,3.09%,0.0,3.48%,1.39%
71700,1.13%,33.9%,28.2%,3.93%,0.0,6.87%,0.0%
71800,0.0%,45.4%,26.0%,5.9%,0.0139,3.63%,1.06%
80100,1.72%,31.6%,29.3%,0.0%,0.0,4.98%,1.11%
80201,3.02%,30.3%,24.2%,4.36%,0.0,7.03%,0.0%
80202,1.47%,34.0%,35.6%,0.54%,0.0,1.95%,0.67%
80300,2.42%,40.3%,39.0%,1.35%,0.0037,5.7%,0.0%
80400,8.66%,24.7%,12.7%,9.38%,0.033,11.1%,4.28%
81000,1.98%,22.6%,16.6%,4.3%,0.0028,10.5%,1.92%
81100,5.79%,39.1%,20.1%,2.02%,0.0117,9.28%,2.19%
81201,1.61%,25.0%,21.0%,2.41%,0.0,6.3%,0.0%
81202,3.49%,25.1%,23.2%,2.23%,0.0,5.06%,0.61%
81300,2.96%,19.1%,27.4%,1.57%,0.0026,2.66%,0.0%
81401,2.08%,18.0%,29.1%,2.69%,0.0,6.59%,0.0%
81402,3.83%,30.6%,34.6%,0.0%,0.0,6.83%,0.41%
81403,2.26%,33.8%,38.1%,5.12%,0.0,2.45%,0.0%
81500,0.45%,36.9%,32.6%,4.5%,0.0,3.11%,0.0%
81600,1.46%,35.3%,35.1%,1.57%,0.0,5.27%,0.41%
81700,0.99%,42.2%,36.3%,1.78%,0.0048,5.03%,0.74%
81800,1.76%,50.1%,32.0%,2.49%,0.0,4.64%,0.0%
81900,4.61%,35.9%,19.7%,13.4%,0.0053,10.5%,1.84%
90100,4.61%,25.3%,11.0%,12.3%,0.015000000000000001,14.7%,2.83%
90200,6.26%,21.8%,18.9%,13.7%,0.007,13.2%,0.43%
90300,3.06%,27.6%,15.3%,11.1%,0.0,16.4%,0.46%
100100,5.42%,21.4%,9.27%,14.2%,0.0315,14.6%,0.97%
100200,6.11%,17.8%,8.88%,16.3%,0.0121,17.9%,3.07%
100300,8.58%,17.3%,8.72%,10.8%,0.0092,12.1%,1.31%
100400,8.96%,23.2%,11.7%,10.5%,0.0171,18.4%,0.9%
100500,7.2%,19.3%,11.8%,12.8%,0.0114,10.8%,2.41%
100600,6.65%,21.1%,8.12%,17.1%,0.015099999999999999,15.3%,1.82%
100700,8.71%,21.0%,10.2%,16.9%,0.0087,14.4%,0.81%
110100,3.7%,19.6%,10.8%,11.1%,0.026800000000000004,18.0%,3.5%
110200,8.46%,17.0%,12.6%,15.7%,0.0181,10.1%,0.08%
110300,5.36%,16.0%,5.64%,17.3%,0.038900000000000004,19.7%,2.44%
110400,10.1%,16.8%,10.7%,15.9%,0.031099999999999996,10.0%,3.03%
110501,5.68%,21.4%,11.9%,14.4%,0.0235,15.6%,4.8%
110502,7.9%,22.1%,9.22%,18.5%,0.0091,15.0%,3.62%
120100,0.94%,30.0%,19.6%,6.89%,0.0035,11.3%,0.28%
120200,3.48%,22.0%,20.8%,9.27%,0.0125,7.23%,0.54%
120300,3.43%,31.4%,17.9%,8.13%,0.008700000000000001,7.2%,0.78%
120400,5.89%,18.7%,12.9%,11.9%,0.0343,17.5%,3.9%
130100,0.61%,15.9%,8.58%,8.2%,0.0126,8.69%,1.39%
130200,3.86%,30.8%,14.1%,7.63%,0.0208,12.0%,2.0%
130300,3.0%,20.5%,9.26%,12.8%,0.06620000000000001,13.4%,5.03%
140100,4.41%,15.9%,6.49%,13.6%,0.16519999999999999,11.6%,6.83%
140200,3.78%,12.3%,7.6%,14.6%,0.111,8.51%,2.88%
140301,2.33%,15.0%,6.29%,15.3%,0.15430000000000002,11.5%,9.24%
140302,5.88%,18.3%,15.7%,14.2%,0.0619,8.97%,2.05%
140400,7.73%,14.9%,9.38%,20.0%,0.04889999999999999,11.1%,3.85%
140500,4.88%,17.7%,7.97%,19.6%,0.0694,11.9%,2.93%
140601,3.27%,10.5%,3.9%,20.5%,0.1603,14.2%,4.72%
140602,3.43%,14.6%,4.86%,22.6%,0.0772,12.2%,5.91%
140701,4.48%,19.3%,10.1%,20.6%,0.1335,13.0%,3.56%
140702,2.67%,15.9%,6.67%,20.0%,0.1528,9.47%,8.03%
140800,3.48%,24.1%,15.4%,15.2%,0.0698,10.7%,6.02%
150200,7.67%,20.2%,9.74%,16.2%,0.0299,19.0%,3.47%
150300,5.32%,17.7%,13.5%,17.3%,0.013999999999999999,9.85%,2.22%
150401,5.62%,15.7%,5.62%,25.6%,0.0308,13.1%,4.43%
150402,8.37%,18.1%,6.29%,20.0%,0.050699999999999995,12.0%,2.86%
150501,11.0%,18.4%,6.53%,18.9%,0.028499999999999998,12.4%,1.42%
150502,8.19%,14.3%,9.5%,19.2%,0.0248,19.2%,2.82%
150600,5.23%,13.1%,6.03%,23.5%,0.0343,17.5%,2.2%
150700,5.47%,12.8%,9.08%,17.8%,0.0204,16.3%,4.37%
150800,4.21%,13.5%,8.46%,15.7%,0.1206,13.6%,9.78%
151001,8.06%,12.4%,3.75%,19.5%,0.08779999999999999,14.3%,8.11%
151002,5.56%,10.8%,3.13%,18.6%,0.09519999999999999,17.4%,10.5%
151100,6.06%,10.1%,3.68%,22.3%,0.0605,13.2%,11.8%
151200,3.73%,13.2%,3.49%,25.1%,0.027500000000000004,15.5%,5.76%
160100,5.97%,23.4%,9.09%,20.9%,0.0322,16.2%,3.17%
160200,3.37%,22.3%,20.6%,9.88%,0.004,15.9%,2.77%
160300,5.81%,26.6%,11.7%,16.2%,0.0187,15.7%,0.88%
160400,5.11%,20.7%,8.64%,17.4%,0.0653,15.8%,5.03%
160501,4.31%,17.3%,6.7%,20.0%,0.1071,10.6%,4.77%
160502,3.09%,16.2%,7.15%,21.0%,0.0888,13.8%,4.83%
160601,5.37%,24.6%,14.7%,7.66%,0.0233,15.4%,8.36%
160602,4.81%,23.5%,10.2%,13.6%,0.07999999999999999,15.3%,4.56%
160700,4.15%,22.9%,10.9%,16.8%,0.0819,12.7%,3.04%
160800,5.38%,19.6%,6.8%,16.3%,0.0659,16.2%,4.19%
160900,9.17%,24.6%,17.3%,14.1%,0.0,11.0%,1.08%
161000,3.93%,23.3%,16.0%,12.4%,0.0045,19.1%,2.9%
161100,3.43%,29.7%,23.7%,9.82%,0.0147,11.9%,1.89%
161200,1.69%,19.2%,7.33%,23.5%,0.0944,12.0%,3.95%
161300,6.98%,13.8%,4.61%,27.1%,0.0925,9.52%,4.16%
170100,3.01%,9.9%,7.73%,14.5%,0.0082,16.1%,2.12%
170200,5.3%,11.6%,6.66%,19.8%,0.0451,18.5%,3.04%
170300,9.46%,13.9%,6.6%,24.9%,0.0329,10.2%,3.22%
170400,4.89%,15.4%,4.06%,23.9%,0.0148,17.1%,5.12%
170500,9.05%,15.6%,3.66%,19.6%,0.0152,19.7%,1.63%
170600,8.43%,12.7%,4.2%,18.9%,0.0038,17.8%,5.92%
170700,6.3%,14.6%,5.34%,21.7%,0.026299999999999997,17.6%,3.28%
170800,7.29%,12.0%,5.46%,28.5%,0.0349,16.8%,3.88%
170900,2.56%,10.2%,7.48%,22.4%,0.016800000000000002,16.8%,9.75%
171000,6.73%,11.2%,4.76%,17.3%,0.0155,22.0%,5.34%
171100,6.3%,15.0%,7.03%,19.4%,0.0265,16.6%,4.58%
180100,7.14%,8.38%,6.34%,24.4%,0.0284,16.7%,8.74%
190100,3.82%,7.48%,3.06%,21.9%,0.15980000000000003,13.1%,7.38%
190200,5.21%,8.79%,3.72%,17.2%,0.147,11.0%,11.6%
190300,3.09%,7.95%,2.54%,25.0%,0.0974,13.4%,9.1%
190401,6.66%,13.8%,4.79%,23.4%,0.0605,9.87%,5.41%
190402,4.23%,9.22%,3.0%,21.5%,0.11449999999999999,14.2%,9.82%
190601,6.66%,7.21%,4.74%,26.4%,0.11430000000000001,11.3%,8.0%
190602,2.66%,5.72%,2.15%,24.3%,0.1585,11.5%,8.52%
190701,6.61%,6.84%,3.33%,29.9%,0.09079999999999999,13.2%,10.3%
190702,3.59%,5.63%,1.65%,18.4%,0.20590000000000003,9.83%,13.0%
190800,3.75%,6.5%,4.08%,20.2%,0.1797,12.2%,10.4%
190900,3.72%,4.2%,2.58%,25.0%,0.0951,10.4%,11.1%
191000,7.39%,6.07%,0.0%,20.7%,0.1831,11.8%,9.26%
191100,2.94%,3.48%,1.81%,26.1%,0.1899,10.3%,10.1%
191200,2.46%,3.12%,1.04%,16.3%,0.2584,10.3%,16.5%
191301,3.0%,8.16%,1.12%,20.9%,0.0854,8.48%,21.7%
191302,3.11%,4.5%,1.58%,22.1%,0.13949999999999999,14.2%,15.2%
200100,3.21%,11.2%,6.32%,20.5%,0.1331,13.0%,6.9%
200200,3.84%,5.6%,3.12%,24.4%,0.1142,14.5%,8.0%
200300,5.22%,4.15%,2.74%,18.6%,0.15360000000000001,13.0%,11.0%
200401,4.08%,4.56%,2.35%,13.2%,0.2173,12.5%,21.3%
200402,5.31%,9.57%,3.47%,13.9%,0.137,14.8%,6.73%
210100,3.37%,31.9%,12.5%,13.7%,0.0348,11.3%,6.89%
210400,3.91%,14.0%,3.31%,20.4%,0.1183,12.1%,5.23%
210501,4.21%,11.7%,10.1%,15.6%,0.15819999999999998,13.3%,10.3%
210502,2.5%,12.9%,7.33%,23.4%,0.0973,15.3%,5.25%
210601,4.25%,17.1%,6.81%,14.7%,0.1528,11.2%,5.99%
210602,4.86%,15.2%,13.0%,19.6%,0.056900000000000006,11.3%,4.3%
210700,7.06%,18.8%,11.4%,17.8%,0.0718,8.17%,7.73%
210800,2.54%,22.1%,12.6%,16.0%,0.09119999999999999,10.1%,3.07%
210900,4.66%,29.7%,11.4%,17.2%,0.0471,6.8%,2.51%
220300,3.57%,35.8%,19.8%,7.59%,0.04009999999999999,12.3%,0.96%
220400,2.01%,32.5%,18.5%,12.2%,0.0151,11.0%,2.46%
220500,2.44%,40.3%,22.0%,9.37%,0.0009,5.93%,1.59%
220601,7.74%,26.3%,17.0%,13.6%,0.0182,12.9%,4.65%
220602,2.39%,29.3%,11.4%,14.8%,0.0233,12.0%,4.49%
220701,4.24%,19.3%,9.08%,28.0%,0.049699999999999994,10.9%,4.66%
220702,6.91%,15.9%,5.01%,19.1%,0.14429999999999998,8.13%,4.96%
220901,6.27%,12.4%,2.68%,20.7%,0.1108,16.0%,5.04%
220902,3.72%,8.57%,5.98%,27.8%,0.048,14.2%,7.76%
221000,7.15%,22.0%,11.6%,19.7%,0.0781,12.1%,2.5%
221100,2.84%,23.0%,9.86%,15.7%,0.0443,11.6%,3.43%
221200,6.43%,29.9%,19.8%,13.3%,0.0085,5.91%,3.56%
221300,2.92%,29.4%,15.7%,6.92%,0.0753,12.9%,2.72%
221400,5.47%,31.8%,16.1%,13.6%,0.032600000000000004,10.6%,3.01%
221500,9.42%,31.5%,14.0%,9.17%,0.06470000000000001,8.71%,1.22%
221600,4.83%,39.0%,31.8%,6.0%,0.0024,4.34%,0.0%
222200,1.49%,44.8%,32.0%,3.04%,0.0074,5.95%,0.11%
222500,4.29%,21.5%,10.5%,22.7%,0.0644,7.63%,3.71%
222600,8.2%,34.0%,12.8%,8.52%,0.0379,14.1%,5.11%
222700,5.0%,20.4%,8.3%,23.5%,0.043000000000000003,11.4%,6.15%
222800,8.16%,17.3%,7.01%,26.3%,0.0859,4.01%,5.87%
222900,10.9%,4.8%,5.07%,21.8%,0.0706,10.7%,1.41%
230100,3.77%,19.1%,7.93%,19.9%,0.04,17.3%,6.77%
230200,5.42%,9.88%,1.1%,21.3%,0.0865,15.8%,12.5%
230300,4.15%,9.34%,3.68%,23.4%,0.18680000000000002,13.2%,7.51%
230400,3.14%,9.44%,4.05%,16.9%,0.13720000000000002,15.6%,7.47%
230500,5.4%,7.19%,0.63%,20.6%,0.1692,10.2%,12.3%
230600,5.36%,5.87%,2.06%,25.1%,0.1099,11.8%,8.51%
230700,3.56%,6.47%,2.99%,27.9%,0.09920000000000001,11.1%,12.5%
230800,4.36%,6.24%,5.95%,19.6%,0.0644,18.3%,6.44%
230900,4.33%,17.2%,7.37%,22.2%,0.0589,16.2%,4.79%
231100,1.81%,4.36%,4.25%,27.7%,0.046799999999999994,16.1%,8.82%
231200,4.32%,6.59%,1.57%,13.1%,0.13069999999999998,16.7%,12.3%
231500,4.4%,1.95%,1.27%,24.6%,0.053,18.2%,11.5%
240200,0.87%,48.6%,22.0%,9.05%,0.0175,4.3%,0.29%
240300,3.32%,42.4%,30.0%,4.36%,0.0146,4.85%,0.68%
240500,1.8%,46.8%,38.4%,4.0%,0.0,3.1%,0.0%
240600,3.96%,30.2%,22.6%,14.9%,0.0364,4.27%,1.01%
240700,7.24%,23.9%,17.6%,13.4%,0.0475,6.54%,3.98%
240800,4.18%,19.0%,12.4%,16.1%,0.0369,16.9%,9.16%
240900,7.35%,19.4%,17.3%,11.5%,0.040299999999999996,15.2%,3.9%
241000,6.12%,23.6%,11.9%,9.05%,0.0527,12.4%,4.97%
241100,4.73%,38.2%,11.5%,16.0%,0.018099999999999998,11.0%,1.44%
241200,4.77%,33.6%,23.4%,3.27%,0.0259,7.12%,1.18%
241300,2.16%,39.2%,25.7%,7.13%,0.0124,4.84%,0.87%
241400,1.93%,46.4%,24.7%,2.61%,0.0087,6.45%,0.88%
241500,2.03%,48.6%,30.9%,4.38%,0.0226,6.9%,0.08%
241600,2.8%,41.9%,20.1%,3.96%,0.0452,7.78%,1.63%
242000,2.35%,33.8%,13.4%,6.49%,0.0576,12.6%,4.64%
242100,1.91%,45.1%,25.3%,8.32%,0.0176,3.94%,0.78%
242200,1.89%,37.0%,33.7%,4.13%,0.0,6.53%,1.45%
242300,2.76%,49.1%,23.2%,6.22%,0.017599999999999998,7.16%,0.04%
242400,4.26%,32.6%,22.5%,5.23%,0.0259,12.1%,0.67%
242500,3.03%,34.2%,15.9%,7.06%,0.050300000000000004,13.2%,2.5%
242600,3.46%,30.1%,14.8%,13.5%,0.036899999999999995,13.3%,4.32%
242700,3.65%,25.5%,9.17%,16.1%,0.0343,19.0%,4.77%
242800,7.5%,20.9%,21.9%,14.3%,0.015,13.4%,1.67%
242900,5.21%,30.9%,20.9%,14.0%,0.0362,12.4%,1.45%
243000,6.97%,24.5%,19.6%,12.0%,0.0658,11.7%,2.92%
243100,0.72%,36.0%,20.2%,7.48%,0.0844,8.0%,3.16%
243200,1.25%,43.7%,17.5%,7.64%,0.0109,11.3%,2.83%
243300,2.14%,35.3%,20.5%,12.7%,0.0366,9.95%,1.52%
243400,3.15%,29.8%,28.4%,7.38%,0.016800000000000002,12.3%,4.23%
243500,2.46%,42.0%,27.9%,6.38%,0.0,9.62%,1.09%
250200,5.31%,5.73%,4.25%,25.4%,0.09809999999999999,10.1%,10.5%
250300,2.75%,12.4%,3.49%,24.4%,0.040999999999999995,13.0%,10.1%
250400,4.19%,6.63%,2.47%,19.3%,0.0408,27.0%,5.59%
250500,4.93%,16.7%,15.1%,17.6%,0.0225,14.8%,3.77%
250600,5.73%,5.59%,4.99%,24.0%,0.0332,16.6%,6.71%
250700,10.2%,5.9%,2.76%,28.4%,0.018099999999999998,21.2%,5.01%
250800,6.77%,3.29%,3.11%,31.2%,0.039400000000000004,15.5%,5.12%
251000,1.79%,1.63%,5.2%,36.0%,0.0,14.9%,3.87%
251100,2.62%,3.84%,1.08%,28.5%,0.0252,14.1%,9.41%
251200,4.14%,6.12%,2.16%,23.4%,0.0279,15.6%,10.1%
251300,3.08%,5.0%,2.47%,27.3%,0.031,13.6%,9.04%
251400,10.4%,8.47%,3.05%,20.6%,0.0138,16.2%,12.3%
251500,3.77%,2.98%,4.68%,28.9%,0.0332,9.62%,15.5%
251600,2.52%,4.42%,2.73%,23.5%,0.0076,19.3%,12.6%
251700,4.0%,7.69%,1.29%,18.8%,0.0573,12.7%,11.0%
251800,4.13%,3.74%,0.99%,26.6%,0.0332,15.3%,11.5%
251900,8.89%,3.52%,1.15%,20.1%,0.036699999999999997,20.9%,11.0%
252000,6.79%,4.92%,2.69%,29.4%,0.0402,16.6%,7.0%
252101,7.15%,10.1%,3.52%,22.9%,0.018000000000000002,14.7%,5.88%
252102,10.5%,7.85%,2.27%,27.9%,0.0074,9.81%,7.78%
252201,4.22%,6.54%,2.44%,16.0%,0.007299999999999999,15.5%,12.0%
252202,5.03%,4.62%,3.12%,18.6%,0.0228,15.6%,16.3%
260100,3.22%,6.45%,0.75%,30.2%,0.0107,14.3%,11.2%
260200,7.32%,2.04%,0.48%,18.1%,0.0072,23.8%,9.38%
260300,3.83%,3.21%,0.0%,27.4%,0.0,21.5%,10.5%
260400,3.13%,0.6%,0.0%,21.4%,0.0168,19.6%,16.0%
260500,4.64%,2.98%,0.79%,23.6%,0.022699999999999998,17.1%,20.3%
260600,1.9%,0.48%,0.48%,23.3%,0.0143,20.8%,14.6%
260700,5.25%,2.49%,1.85%,20.1%,0.011,18.7%,14.9%
260800,7.56%,1.74%,2.45%,29.1%,0.0,9.79%,17.5%
260900,0.33%,1.85%,0.0%,23.9%,0.0239,23.0%,18.4%
261000,4.46%,5.11%,0.52%,21.4%,0.0273,15.7%,11.0%
270500,1.95%,3.81%,4.49%,16.0%,0.0653,22.0%,13.2%
271200,7.51%,3.8%,0.11%,26.5%,0.0349,16.9%,16.9%
271300,3.79%,6.31%,3.23%,26.1%,0.0154,17.3%,10.5%
271400,5.92%,11.4%,3.13%,16.6%,0.0187,18.6%,13.3%
271500,7.11%,6.92%,2.4%,26.5%,0.0194,19.7%,6.01%
271800,1.25%,4.76%,2.48%,42.9%,0.0,5.17%,4.97%
280100,1.59%,39.9%,37.9%,2.36%,0.0,3.82%,0.0%
280400,5.3%,10.4%,7.8%,30.1%,0.014,21.9%,10.2%
280800,5.36%,9.44%,3.45%,16.4%,0.0115,22.6%,9.94%
280900,4.47%,10.2%,7.24%,15.4%,0.0216,23.1%,12.3%
281900,0.6%,34.8%,37.6%,4.01%,0.0072,1.14%,0.0%
282700,3.05%,19.5%,13.6%,14.5%,0.0223,13.0%,5.46%
282800,2.51%,23.2%,19.4%,6.02%,0.0294,12.8%,0.36%
283100,3.05%,20.9%,25.0%,4.87%,0.008400000000000001,3.98%,0.0%
283200,1.59%,23.6%,26.3%,7.72%,0.0036,2.55%,1.45%
283800,3.92%,26.6%,19.0%,11.9%,0.0121,11.4%,6.55%
290900,2.88%,3.44%,0.5%,24.3%,0.020399999999999998,21.5%,9.61%
291200,2.23%,7.91%,2.17%,21.3%,0.0,19.3%,9.05%
291600,0.0%,6.27%,7.16%,19.1%,0.08449999999999999,21.1%,3.45%
292200,4.66%,8.91%,2.38%,24.6%,0.007,17.2%,8.86%
292400,2.38%,4.38%,2.7%,20.2%,0.0211,19.5%,14.2%
292500,4.6%,6.93%,3.16%,12.1%,0.019,19.9%,18.4%
300500,3.03%,7.14%,2.38%,15.5%,0.2803,8.78%,9.28%
300600,4.65%,8.88%,1.81%,14.4%,0.1027,13.6%,14.4%
300700,3.61%,5.03%,3.59%,15.7%,0.2946,5.31%,13.1%
300800,0.0%,3.12%,2.21%,16.8%,0.24319999999999997,6.38%,18.1%
300900,4.68%,3.86%,0.19%,18.1%,0.2971,7.41%,14.0%
301100,4.43%,6.87%,2.73%,20.1%,0.2173,5.69%,12.5%
301200,2.55%,6.39%,1.55%,24.8%,0.17559999999999998,11.4%,13.4%
301600,2.6%,5.75%,0.66%,18.4%,0.23519999999999996,11.7%,11.5%
301701,4.16%,5.11%,1.73%,22.8%,0.2042,11.0%,9.7%
301702,1.07%,4.74%,0.58%,26.2%,0.22460000000000002,8.56%,12.1%
301801,3.51%,4.22%,1.8%,27.4%,0.1844,4.37%,15.2%
301802,4.07%,5.67%,0.51%,26.2%,0.22949999999999998,5.89%,11.1%
301803,2.25%,1.93%,1.9%,27.9%,0.2737,5.58%,7.0%
310200,5.11%,29.7%,15.5%,12.2%,0.0091,12.6%,4.13%
310300,3.94%,20.6%,15.8%,10.5%,0.0465,11.1%,8.38%
310400,6.12%,21.8%,17.9%,8.09%,0.1136,4.05%,3.39%
310500,3.96%,13.9%,8.01%,19.0%,0.0732,12.9%,6.87%
310600,2.71%,19.6%,9.2%,16.0%,0.1175,6.93%,6.64%
310700,3.18%,11.5%,4.61%,18.8%,0.088,11.4%,10.4%
310800,6.76%,12.2%,3.67%,11.5%,0.126,13.0%,10.8%
310900,2.92%,14.7%,4.16%,13.5%,0.1283,11.6%,9.3%
320100,2.33%,33.6%,31.5%,1.31%,0.0,5.75%,0.38%
320400,0.64%,9.61%,14.2%,0.73%,0.0,1.57%,0.19%
320600,1.8%,29.6%,38.0%,1.98%,0.0047,9.99%,0.0%
330100,2.26%,30.4%,36.1%,4.39%,0.0025,12.0%,0.84%
330200,2.2%,26.3%,26.0%,5.61%,0.0133,7.11%,2.76%
340300,1.99%,8.77%,3.5%,22.0%,0.0556,10.4%,6.44%
340400,1.25%,13.3%,8.12%,27.6%,0.093,3.61%,6.21%
340500,2.73%,11.6%,10.6%,10.6%,0.0315,12.7%,2.94%
340600,2.59%,2.59%,1.67%,11.4%,0.07,14.3%,14.8%
350100,5.36%,28.7%,24.9%,2.14%,0.0,14.4%,0.0%
350400,6.14%,2.57%,1.19%,28.3%,0.031100000000000003,18.4%,13.7%
351000,7.89%,21.6%,18.6%,11.1%,0.0069,14.7%,0.0%
351100,3.57%,7.23%,4.59%,15.1%,0.0155,25.8%,13.4%
351400,4.66%,11.0%,4.44%,28.3%,0.0,15.9%,11.5%
351500,4.44%,8.87%,13.6%,16.4%,0.0,12.4%,2.34%
360200,0.92%,7.71%,1.12%,19.2%,0.07189999999999999,22.7%,8.32%
380100,3.01%,12.7%,7.03%,8.31%,0.0074,21.2%,16.6%
380200,1.27%,11.2%,7.19%,5.63%,0.014000000000000002,10.4%,3.15%
380500,1.96%,7.24%,0.98%,28.2%,0.0098,15.8%,7.44%
380700,2.07%,2.17%,7.44%,24.6%,0.0151,19.6%,4.05%
381200,12.1%,13.9%,17.3%,13.4%,0.0,25.5%,0.21%
381400,13.7%,9.26%,7.04%,13.2%,0.0,23.1%,8.67%
381500,9.56%,17.1%,0.0%,24.3%,0.0239,27.9%,0.0%
381800,4.43%,11.5%,10.7%,18.3%,0.0148,22.0%,5.91%
381900,2.85%,16.1%,7.68%,14.4%,0.0177,22.9%,6.19%
390100,6.22%,17.3%,23.3%,8.76%,0.0075,14.7%,7.82%
390200,4.37%,21.8%,25.3%,8.29%,0.0,16.8%,3.24%
390300,3.6%,18.4%,11.6%,10.1%,0.0,23.1%,6.0%
390400,3.45%,13.9%,12.5%,13.4%,0.0202,18.9%,5.61%
390500,4.41%,20.7%,28.1%,6.83%,0.0058,11.6%,0.92%
390600,7.7%,16.7%,37.7%,3.64%,0.0,5.6%,0.84%
390700,5.11%,17.4%,22.5%,4.83%,0.0044,6.95%,0.18%
400300,9.11%,7.11%,4.1%,22.6%,0.0499,28.4%,8.1%
400400,1.5%,11.0%,5.78%,21.7%,0.0053,20.1%,10.6%
400500,3.77%,8.04%,3.85%,16.7%,0.023700000000000002,24.3%,14.9%
400800,4.32%,10.4%,0.87%,28.8%,0.030600000000000002,17.8%,11.5%
410100,3.09%,20.2%,26.7%,7.66%,0.0132,7.07%,2.43%
410200,2.49%,13.6%,30.5%,3.07%,0.0,8.33%,0.0%
410500,2.41%,14.8%,28.3%,3.11%,0.0,7.29%,1.39%
410600,0.49%,14.8%,20.5%,6.88%,0.0,4.43%,2.08%
410700,1.51%,16.6%,30.9%,4.68%,0.0,6.64%,1.23%
410800,2.18%,15.7%,28.8%,8.56%,0.0,9.01%,0.44%
410900,2.09%,21.8%,29.7%,4.32%,0.0031,5.86%,2.67%
411000,2.16%,17.3%,26.3%,0.46%,0.0003,8.96%,1.2%
411100,0.33%,12.0%,40.1%,0.49%,0.0,1.46%,0.43%
411200,0.58%,12.0%,49.5%,0.51%,0.0072,2.97%,1.6%
420100,8.99%,6.17%,7.39%,16.1%,0.0065,23.3%,4.96%
420200,4.02%,19.0%,15.7%,8.95%,0.0159,11.9%,6.27%
420300,2.48%,10.7%,9.72%,3.57%,0.0,6.51%,0.84%
420400,4.05%,12.1%,22.2%,9.42%,0.0,10.1%,6.27%
420500,12.1%,10.6%,4.48%,12.1%,0.0155,16.0%,5.49%
420600,4.69%,7.07%,2.8%,18.0%,0.0147,23.3%,4.62%
420700,8.36%,4.44%,4.04%,16.6%,0.0008,16.4%,11.9%
420800,9.19%,11.0%,7.72%,15.0%,0.0,23.1%,5.47%
421200,10.4%,8.01%,3.53%,21.9%,0.0124,19.0%,4.49%
430101,6.53%,7.36%,3.29%,17.2%,0.019200000000000002,32.8%,5.25%
430102,8.63%,13.6%,8.87%,14.6%,0.0047,22.0%,4.26%
430200,4.35%,6.66%,10.1%,14.1%,0.0196,22.9%,4.24%
430300,3.55%,11.6%,4.51%,29.1%,0.0,24.6%,5.33%
430400,4.97%,8.41%,6.44%,18.9%,0.0158,23.5%,6.3%
430500,7.42%,4.28%,4.76%,20.7%,0.0288,21.0%,6.38%
430600,5.57%,12.3%,5.02%,16.5%,0.0,17.9%,0.46%
430700,7.06%,12.9%,6.16%,18.9%,0.0115,24.4%,7.26%
430800,11.9%,20.0%,10.6%,15.0%,0.0,20.8%,0.0%
430900,7.47%,12.4%,5.11%,11.4%,0.0009,26.9%,3.02%
431200,1.84%,17.7%,5.68%,12.6%,0.0033,16.9%,5.76%
431301,3.76%,9.57%,4.26%,18.9%,0.009899999999999999,24.4%,7.89%
431302,3.9%,7.72%,2.68%,23.4%,0.0303,20.5%,4.62%
431400,6.27%,9.21%,7.21%,21.2%,0.0188,23.4%,4.06%
440101,7.74%,1.83%,1.29%,26.0%,0.0261,23.2%,13.2%
440102,0.81%,8.01%,7.29%,21.5%,0.0138,24.8%,7.08%
440201,6.66%,5.74%,8.45%,15.9%,0.0087,19.6%,5.91%
440202,5.66%,21.9%,4.46%,9.87%,0.0028,19.7%,2.64%
440300,7.8%,14.2%,7.9%,13.1%,0.0035,19.4%,3.53%
440600,6.51%,6.75%,12.0%,13.7%,0.0105,22.3%,0.62%
440700,7.62%,15.5%,8.61%,20.6%,0.0,14.2%,3.86%
440800,5.9%,6.31%,1.64%,25.7%,0.0049,23.5%,11.2%
440900,8.25%,10.2%,10.9%,19.1%,0.025,10.7%,8.47%
450300,3.41%,11.7%,2.6%,14.0%,0.025300000000000003,19.9%,6.99%
460100,4.32%,9.64%,5.34%,23.9%,0.0187,16.7%,6.13%
460200,5.35%,5.5%,2.9%,26.6%,0.0576,14.6%,15.1%
460301,5.72%,4.98%,2.2%,20.2%,0.0733,15.0%,9.59%
460302,5.56%,8.95%,0.41%,20.6%,0.0053,21.3%,8.95%
460400,3.11%,12.2%,3.3%,21.0%,0.0,18.6%,4.42%
460500,5.08%,5.45%,9.21%,13.2%,0.0024,20.4%,3.12%
460600,4.21%,8.06%,2.72%,23.4%,0.045899999999999996,23.0%,2.97%
460700,5.95%,4.95%,0.3%,21.9%,0.09759999999999999,12.6%,5.95%
461000,1.95%,4.87%,0.98%,13.7%,0.0544,10.2%,3.58%
470100,4.31%,2.86%,4.57%,21.2%,0.0182,15.4%,5.87%
480100,6.07%,11.2%,4.67%,13.3%,0.0156,20.4%,1.98%
480200,7.11%,14.7%,6.09%,7.52%,0.0,22.3%,4.77%
480300,2.19%,15.7%,7.45%,12.7%,0.001,17.1%,2.78%
480400,6.3%,12.4%,5.74%,15.7%,0.0679,16.8%,0.73%
480500,4.46%,9.25%,2.32%,24.0%,0.0294,16.1%,3.86%
490300,11.8%,13.8%,6.28%,11.2%,0.0343,14.1%,2.23%
490400,2.02%,14.3%,4.71%,16.3%,0.0,19.9%,2.69%
490500,4.37%,13.0%,8.93%,8.5%,0.0049,20.4%,3.58%
490600,2.65%,5.61%,3.06%,17.2%,0.0537,19.2%,6.94%
490700,4.91%,6.89%,3.14%,18.1%,0.0047,25.1%,8.75%
490800,9.13%,9.11%,4.17%,7.36%,0.0131,29.3%,5.79%
490901,5.67%,6.89%,3.12%,20.8%,0.012400000000000001,26.5%,3.83%
490902,8.44%,9.47%,3.44%,13.3%,0.0056,18.6%,3.68%
491000,7.49%,3.1%,3.48%,15.4%,0.0179,18.7%,13.6%
491100,3.61%,11.0%,5.98%,16.3%,0.0202,21.2%,2.67%
491200,7.6%,7.08%,6.26%,16.2%,0.0102,23.0%,4.4%
491300,3.82%,6.04%,3.15%,19.5%,0.0149,18.0%,9.58%
491400,3.9%,7.41%,2.31%,22.9%,0.0018,19.7%,8.07%
500100,3.88%,14.0%,5.52%,13.5%,0.022099999999999998,19.4%,3.7%
500200,5.17%,10.7%,6.17%,17.4%,0.018,21.5%,5.77%
500300,2.94%,20.7%,11.3%,16.1%,0.0168,18.3%,3.28%
510100,5.03%,3.63%,1.44%,21.7%,0.0922,19.0%,10.7%
510200,4.95%,6.42%,8.27%,22.0%,0.0521,13.4%,5.94%
510300,6.07%,5.13%,4.14%,19.2%,0.0139,23.2%,3.71%
520100,2.7%,5.13%,1.35%,29.8%,0.1537,1.56%,16.1%
520200,3.93%,2.8%,1.3%,27.2%,0.09190000000000001,15.3%,12.0%
520300,3.85%,6.15%,2.65%,22.4%,0.1161,11.9%,10.5%
520400,1.62%,10.8%,1.62%,23.5%,0.1207,11.1%,7.23%
520500,3.0%,11.9%,3.21%,21.4%,0.094,17.6%,4.88%
520600,6.54%,4.64%,2.4%,26.6%,0.0528,13.5%,8.94%
530100,5.36%,3.8%,0.99%,23.6%,0.1312,9.8%,11.4%
530200,4.27%,6.2%,2.1%,20.0%,0.011300000000000001,19.2%,12.8%
530300,5.64%,8.27%,2.68%,15.4%,0.0124,27.0%,7.78%
530400,3.17%,12.8%,9.23%,16.9%,0.0129,19.4%,3.24%
530501,4.6%,8.18%,4.07%,22.4%,0.0201,17.1%,6.14%
530502,8.61%,7.77%,2.2%,13.3%,0.0236,27.0%,0.84%
530503,4.1%,5.93%,5.85%,17.8%,0.0214,21.2%,5.05%
530600,6.95%,2.9%,2.75%,25.7%,0.0,30.0%,1.95%
540101,3.88%,1.72%,2.44%,20.2%,0.0329,30.2%,10.6%
540102,6.65%,0.95%,0.0%,20.9%,0.014,24.7%,11.8%
550100,6.66%,8.38%,3.78%,29.3%,0.0575,19.7%,3.48%
550200,7.66%,11.6%,5.6%,19.7%,0.0168,16.8%,2.3%
560100,4.47%,9.33%,1.36%,29.9%,0.09649999999999999,6.31%,9.02%
560200,6.39%,7.88%,4.86%,26.2%,0.030899999999999997,12.8%,4.29%
560300,7.22%,10.6%,2.97%,17.5%,0.0996,17.7%,6.01%
560400,3.4%,8.56%,2.08%,19.3%,0.1499,17.2%,8.42%
560700,6.38%,7.91%,2.44%,22.0%,0.08159999999999999,18.5%,8.31%
560800,3.16%,10.9%,5.42%,21.7%,0.052500000000000005,17.9%,4.8%
560900,7.77%,11.6%,6.29%,19.1%,0.0182,17.8%,4.87%
561000,10.3%,13.5%,10.4%,11.1%,0.0083,19.6%,2.07%
561100,4.72%,14.5%,7.17%,19.4%,0.0445,17.0%,3.52%
570100,4.08%,8.26%,0.32%,26.2%,0.161,17.7%,7.62%
570200,6.07%,6.83%,2.94%,20.4%,0.09399999999999999,16.0%,9.72%
570300,1.84%,8.13%,2.18%,24.6%,0.1614,10.7%,5.94%
570400,1.2%,9.11%,1.96%,31.0%,0.0611,6.33%,9.43%
570500,3.89%,5.11%,2.99%,25.2%,0.0907,15.3%,8.76%
580100,4.64%,7.24%,4.45%,25.5%,0.14639999999999997,12.8%,8.07%
580200,4.25%,4.89%,0.63%,23.0%,0.20679999999999998,9.86%,11.6%
580300,4.58%,2.71%,1.63%,18.1%,0.2905,9.01%,9.78%
580400,3.4%,7.23%,3.58%,23.7%,0.12060000000000001,9.11%,10.1%
580501,3.84%,5.59%,1.26%,26.3%,0.24879999999999997,8.4%,4.62%
580502,2.68%,5.22%,3.78%,26.6%,0.1866,10.5%,3.78%
580600,4.82%,8.7%,1.57%,17.9%,0.1628,11.4%,11.1%
580700,3.99%,6.97%,0.71%,21.6%,0.2108,9.28%,7.42%
580800,3.19%,3.78%,1.5%,26.3%,0.26339999999999997,7.68%,10.3%
590500,5.41%,13.1%,7.94%,19.9%,0.037,15.1%,5.68%
590600,4.99%,6.47%,5.05%,21.9%,0.09770000000000001,15.7%,5.55%
590700,6.5%,11.1%,3.94%,19.6%,0.1679,10.8%,6.53%
600400,4.73%,12.7%,4.97%,24.9%,0.1068,9.77%,4.27%
600600,6.12%,7.57%,4.82%,25.0%,0.1185,7.45%,8.99%
600700,7.32%,16.4%,2.15%,21.0%,0.0377,16.8%,7.19%
600900,3.0%,19.3%,6.04%,22.5%,0.0514,10.4%,7.34%
610300,2.26%,5.22%,2.39%,20.4%,0.20750000000000002,12.7%,8.93%
610400,0.85%,6.05%,0.0%,27.5%,0.2946,7.68%,6.6%
610800,5.49%,5.57%,6.44%,34.6%,0.0174,12.4%,3.74%
611000,2.62%,5.4%,0.0%,30.5%,0.038599999999999995,13.3%,3.85%
611100,2.01%,2.2%,0.31%,45.0%,0.0866,7.78%,2.06%
611200,0.58%,1.69%,0.81%,40.2%,0.10980000000000001,7.12%,5.95%
611300,2.46%,2.34%,0.89%,30.5%,0.1618,4.02%,15.8%
611400,2.93%,3.89%,0.09%,30.3%,0.19899999999999998,4.48%,13.6%
611500,1.0%,1.75%,0.44%,44.0%,0.0984,5.5%,3.27%
611600,2.97%,1.35%,0.0%,44.4%,0.06559999999999999,6.11%,9.51%
611700,1.99%,3.87%,0.57%,34.0%,0.11689999999999999,12.4%,5.38%
611800,5.76%,2.15%,0.0%,28.4%,0.17110000000000003,10.0%,10.5%
611900,2.68%,0.69%,1.64%,39.7%,0.0259,9.08%,10.6%
612000,2.7%,3.5%,2.5%,33.3%,0.019,17.4%,5.7%
612100,2.55%,5.22%,2.43%,23.5%,0.0,7.38%,4.12%
620100,6.89%,6.66%,1.97%,30.3%,0.08810000000000001,8.98%,4.8%
620200,8.66%,8.24%,2.31%,30.8%,0.0673,16.3%,8.07%
620300,6.35%,6.86%,0.93%,24.2%,0.0952,11.0%,7.18%
620400,1.07%,3.59%,3.47%,25.5%,0.12190000000000001,16.6%,7.87%
630100,1.11%,2.85%,2.38%,39.9%,0.08720000000000001,9.2%,8.41%
630200,4.58%,3.86%,0.63%,32.4%,0.1288,6.98%,9.64%
630300,4.97%,6.68%,0.41%,30.3%,0.13419999999999999,9.41%,12.0%
630400,1.67%,3.43%,1.83%,22.5%,0.2064,7.56%,12.0%
630500,4.49%,1.88%,0.2%,26.3%,0.2039,6.14%,12.0%
630800,4.4%,3.17%,1.4%,28.1%,0.1998,9.6%,9.49%
630900,5.67%,1.66%,0.03%,29.7%,0.18259999999999998,10.9%,7.45%
640100,10.3%,10.2%,1.69%,26.7%,0.033100000000000004,17.9%,7.83%
640300,8.57%,13.6%,3.8%,25.6%,0.0174,17.8%,1.7%
640400,7.36%,10.4%,4.49%,33.0%,0.013000000000000001,8.67%,7.94%
640500,6.5%,11.6%,6.59%,22.5%,0.0252,18.7%,2.72%
640600,3.93%,7.37%,3.62%,24.4%,0.048299999999999996,18.0%,9.96%
640700,7.84%,10.2%,3.2%,31.9%,0.0643,12.6%,6.27%
640800,6.77%,9.51%,4.18%,26.8%,0.0632,16.1%,3.96%
650100,3.0%,2.25%,1.65%,21.8%,0.2043,9.91%,9.2%
650200,5.74%,7.74%,0.46%,26.8%,0.1518,10.2%,5.45%
650301,5.66%,9.15%,3.04%,27.7%,0.0925,17.2%,6.29%
650302,3.0%,8.29%,2.72%,26.1%,0.1639,9.71%,11.6%
650400,2.84%,5.31%,1.97%,27.2%,0.1555,11.7%,7.58%
650500,5.83%,7.18%,2.49%,21.9%,0.097,18.8%,8.11%
660301,3.1%,2.35%,0.47%,31.6%,0.1337,9.89%,6.41%
660302,4.07%,4.6%,1.24%,27.3%,0.1599,12.2%,11.5%
660400,3.04%,6.17%,0.61%,22.9%,0.20220000000000002,10.0%,7.72%
660500,2.28%,2.95%,1.73%,23.7%,0.15360000000000001,6.62%,10.9%
660600,4.39%,3.74%,0.31%,25.3%,0.0888,16.2%,13.3%
660700,2.35%,2.66%,3.88%,26.8%,0.0303,14.2%,9.74%
660800,3.9%,3.76%,1.87%,23.3%,0.0916,21.5%,8.86%
660900,6.36%,5.98%,0.42%,26.7%,0.012899999999999998,25.7%,7.25%
661000,4.3%,8.02%,4.67%,25.8%,0.0235,13.6%,6.3%
661100,7.08%,2.52%,1.48%,29.6%,0.1052,15.8%,7.92%
670100,8.56%,4.94%,0.44%,21.6%,0.0439,15.0%,5.27%
670200,2.73%,3.03%,1.82%,35.8%,0.0258,15.2%,9.7%
670300,6.25%,2.6%,1.06%,16.9%,0.0649,18.7%,8.38%
670400,3.58%,4.68%,1.32%,26.5%,0.0242,15.6%,8.1%
670500,5.94%,3.08%,0.0%,28.9%,0.0427,18.9%,6.89%
670600,4.94%,3.67%,1.84%,27.0%,0.0103,16.1%,7.0%
670700,2.67%,0.11%,2.55%,36.6%,0.0,23.9%,7.88%
670800,5.92%,2.39%,3.42%,31.7%,0.0893,6.55%,9.04%
670900,3.57%,9.71%,4.98%,24.9%,0.005,20.0%,10.1%
671100,5.08%,5.08%,3.39%,26.3%,0.0,16.6%,16.1%
671200,0.0%,1.89%,0.0%,28.5%,0.0,10.7%,17.9%
671300,2.77%,3.97%,2.08%,27.8%,0.0227,15.1%,14.2%
671400,4.61%,0.89%,0.0%,30.0%,0.0301,13.9%,11.3%
671500,2.42%,3.93%,1.31%,31.4%,0.018099999999999998,15.1%,11.3%
671600,2.88%,0.93%,0.31%,22.9%,0.0159,25.8%,4.47%
671800,3.48%,5.67%,2.83%,23.9%,0.0719,16.9%,4.91%
671900,4.39%,5.64%,1.8%,26.7%,0.042800000000000005,20.7%,6.76%
672000,5.83%,4.02%,2.23%,28.2%,0.0137,12.2%,9.58%
680500,5.19%,4.55%,0.54%,31.9%,0.026,14.4%,9.09%
680600,2.76%,3.81%,2.38%,26.8%,0.0076,9.62%,22.1%
680900,4.02%,6.44%,0.35%,24.7%,0.037099999999999994,19.8%,7.11%
681000,4.07%,4.81%,1.17%,17.4%,0.0494,18.1%,16.3%
681100,2.91%,2.96%,2.27%,22.3%,0.026799999999999997,21.8%,18.6%
681200,5.16%,6.42%,0.0%,26.3%,0.0264,18.3%,11.3%
681300,5.42%,4.4%,3.25%,18.6%,0.0274,17.5%,10.5%
681400,5.69%,1.33%,0.53%,22.8%,0.0058,19.7%,14.4%
690300,5.86%,3.92%,0.0%,13.8%,0.0094,25.6%,7.14%
690400,2.92%,7.87%,3.38%,13.2%,0.026000000000000002,32.5%,8.27%
690500,2.19%,7.24%,6.4%,15.7%,0.0067,22.6%,8.92%
690900,6.01%,10.7%,3.92%,20.7%,0.0234,22.3%,5.74%
691000,7.43%,15.9%,6.45%,17.5%,0.025099999999999997,20.7%,4.63%
691100,7.99%,3.93%,2.56%,26.7%,0.0113,17.4%,9.37%
691200,9.76%,7.25%,2.73%,13.2%,0.0118,28.4%,2.98%
691300,5.92%,6.9%,7.61%,18.7%,0.0169,22.9%,3.42%
691400,6.05%,7.68%,4.58%,24.4%,0.0065,17.2%,7.6%
691500,4.77%,6.07%,1.98%,25.0%,0.0191,19.4%,11.3%
700100,8.54%,7.99%,8.27%,18.9%,0.0325,20.0%,6.23%
700200,5.83%,10.7%,2.67%,22.3%,0.1301,14.2%,5.78%
700301,6.23%,5.68%,2.73%,29.3%,0.09159999999999999,12.2%,8.14%
700302,8.42%,12.4%,3.28%,24.5%,0.021899999999999996,13.1%,4.26%
700401,6.7%,9.83%,6.7%,21.2%,0.029699999999999997,18.2%,4.28%
700402,6.83%,10.4%,7.87%,22.7%,0.0443,13.6%,5.63%
700501,6.42%,14.1%,7.41%,18.1%,0.0227,19.2%,1.7%
700502,7.1%,13.3%,7.22%,7.13%,0.011099999999999999,25.3%,1.57%
710100,8.03%,4.32%,1.85%,19.9%,0.041999999999999996,24.2%,8.39%
710200,5.17%,5.73%,4.19%,22.2%,0.0035,27.5%,6.23%
710300,4.97%,6.52%,3.7%,13.3%,0.0088,29.1%,7.4%
710400,5.18%,3.07%,2.77%,23.6%,0.0183,24.4%,6.57%
710500,5.11%,8.54%,3.64%,24.7%,0.0079,21.3%,7.04%
710600,9.47%,5.71%,2.7%,19.7%,0.0,13.9%,5.4%
710700,6.96%,7.22%,2.45%,23.1%,0.0,21.5%,2.57%
710800,5.61%,12.6%,6.56%,14.2%,0.014000000000000002,19.8%,3.23%
710900,3.26%,10.2%,6.18%,19.6%,0.0312,17.8%,6.45%
711000,1.84%,8.81%,3.99%,19.8%,0.0593,17.0%,13.3%
711100,3.06%,7.56%,5.18%,21.1%,0.0327,21.3%,8.08%
711200,3.94%,8.61%,4.81%,18.1%,0.0072,19.4%,3.23%
711300,7.82%,5.5%,6.0%,16.3%,0.0219,20.7%,8.09%
711400,5.12%,8.15%,3.24%,20.8%,0.0277,14.9%,8.79%
711500,5.08%,4.65%,3.21%,21.8%,0.0335,21.9%,5.38%
720100,4.18%,25.4%,22.4%,7.29%,0.0,9.3%,0.24%
720200,4.39%,16.5%,18.4%,9.17%,0.0062,18.1%,2.66%
720300,5.14%,22.7%,21.0%,7.07%,0.0026,13.6%,0.32%
720400,7.47%,21.5%,15.5%,14.2%,0.0049,17.9%,0.83%
720500,4.03%,30.9%,21.2%,5.99%,0.0069,10.1%,0.69%
720600,5.26%,23.6%,18.2%,9.15%,0.0114,9.91%,0.92%
720700,8.04%,21.9%,15.3%,10.5%,0.0159,17.2%,0.81%
730100,4.11%,14.5%,6.01%,13.2%,0.0052,19.6%,3.65%
730201,5.3%,9.73%,5.13%,19.4%,0.0081,17.4%,2.92%
730202,7.71%,7.36%,3.73%,19.6%,0.0,22.7%,4.65%
730300,3.46%,8.38%,3.46%,22.1%,0.0045,22.0%,4.03%
730400,2.94%,11.7%,7.0%,17.9%,0.0075,21.2%,3.53%
730500,5.65%,8.05%,5.85%,18.1%,0.0,20.4%,3.91%
730600,5.83%,10.5%,7.16%,17.2%,0.009399999999999999,18.2%,3.49%
730700,6.92%,8.9%,6.69%,15.2%,0.0329,20.9%,6.62%
740100,6.93%,14.4%,7.89%,18.7%,0.0063,25.6%,1.77%
740200,3.53%,18.3%,8.01%,14.8%,0.0105,13.9%,1.13%
740300,6.71%,21.1%,13.1%,12.6%,0.0058000000000000005,22.4%,0.5%
740400,7.92%,21.9%,9.29%,17.9%,0.0037,18.1%,1.07%
750100,6.46%,7.15%,5.92%,19.4%,0.009600000000000001,15.7%,3.91%
750200,4.66%,17.0%,25.5%,10.3%,0.0,15.9%,1.21%
750300,4.92%,22.5%,16.8%,11.6%,0.0,9.42%,2.9%
750400,9.18%,19.5%,18.4%,9.82%,0.004,17.7%,0.0%
750500,7.81%,9.19%,8.61%,9.94%,0.0116,15.0%,6.01%
750600,7.28%,7.11%,6.25%,16.1%,0.0126,22.1%,5.54%
760801,6.43%,31.8%,12.8%,14.6%,0.0201,16.7%,1.92%
760802,7.68%,20.2%,5.28%,13.0%,0.0,15.2%,2.31%
760803,8.54%,13.7%,9.56%,17.1%,0.0528,16.8%,5.62%
770500,6.69%,5.95%,0.91%,26.5%,0.1738,10.9%,10.3%
770602,4.7%,9.83%,4.9%,15.9%,0.1615,12.5%,3.87%
770700,6.16%,9.61%,8.47%,20.7%,0.0218,21.2%,2.68%
770800,5.71%,12.5%,3.72%,23.4%,0.036699999999999997,22.2%,4.56%
770902,9.35%,15.4%,5.43%,20.5%,0.008,11.3%,3.82%
810400,3.43%,24.0%,17.8%,12.3%,0.005,12.1%,0.64%
823304,4.15%,12.6%,4.21%,22.5%,0.033,18.6%,4.14%
830500,5.27%,3.54%,0.0%,19.4%,0.2767,9.4%,12.7%
830600,2.67%,25.0%,11.9%,18.0%,0.0969,9.27%,3.81%
830700,4.17%,26.2%,14.1%,12.2%,0.010499999999999999,19.0%,8.46%
830800,2.88%,41.7%,26.0%,7.2%,0.0047,14.2%,0.0%
830900,3.16%,37.5%,20.6%,8.47%,0.0324,8.73%,0.09%
831000,2.28%,41.6%,33.3%,3.79%,0.0076,5.48%,0.0%
831100,4.66%,12.7%,10.8%,12.0%,0.10350000000000001,15.0%,5.29%
831200,5.3%,9.82%,3.66%,19.3%,0.128,8.73%,11.4%
831300,7.71%,6.41%,2.13%,18.9%,0.0759,9.84%,13.6%
831400,5.16%,5.08%,4.83%,24.1%,0.036000000000000004,13.3%,10.6%
831500,4.85%,10.6%,6.92%,21.8%,0.08580000000000002,21.5%,7.44%
831600,6.65%,6.27%,2.66%,20.2%,0.0595,11.9%,7.64%
831700,6.01%,17.1%,10.4%,18.3%,0.0686,13.7%,4.58%
831800,6.35%,20.2%,12.7%,9.27%,0.027299999999999998,11.5%,2.3%
831900,2.32%,47.5%,26.6%,3.63%,0.0146,4.7%,0.04%
832000,3.06%,43.4%,18.2%,3.0%,0.0012,6.54%,1.2%
832100,1.6%,32.5%,16.5%,9.03%,0.0078,9.37%,0.0%
832200,5.03%,32.4%,37.7%,9.82%,0.0203,5.44%,0.49%
832300,3.45%,36.9%,27.8%,9.65%,0.0121,7.58%,0.86%
832400,3.63%,41.0%,17.9%,10.3%,0.018000000000000002,8.07%,2.65%
832500,2.76%,30.4%,18.8%,3.02%,0.0206,4.92%,0.27%
832600,1.01%,41.6%,31.1%,1.01%,0.0073,3.18%,0.57%
832900,0.0%,25.0%,26.1%,0.05%,0.0,3.7%,0.05%
833000,2.68%,46.5%,30.9%,4.19%,0.0116,4.06%,1.53%
833100,1.15%,37.2%,35.0%,5.13%,0.010499999999999999,7.59%,2.59%
833300,0.84%,10.9%,16.2%,3.04%,0.0028,1.42%,0.52%
833900,4.75%,3.49%,1.66%,24.6%,0.10289999999999999,15.0%,8.92%
834000,10.9%,7.21%,3.05%,19.6%,0.0271,18.8%,7.9%
834200,9.05%,8.59%,9.25%,10.4%,0.0046,24.6%,3.41%
834300,5.86%,11.5%,5.9%,16.0%,0.025,17.9%,4.85%
834400,10.1%,10.9%,11.6%,11.0%,0.0019,22.9%,5.55%
834500,6.88%,7.69%,8.64%,22.9%,0.0058,22.4%,3.27%
834600,3.76%,1.83%,0.84%,35.0%,0.0293,18.1%,7.31%
834700,3.68%,3.5%,2.16%,22.9%,0.039999999999999994,11.9%,15.7%
834800,3.33%,5.91%,1.22%,25.9%,0.0129,15.8%,12.8%
834900,1.28%,5.18%,0.92%,26.1%,0.0092,19.5%,7.82%
835000,4.37%,3.04%,0.88%,30.8%,0.0508,13.5%,8.16%
835100,2.17%,2.55%,1.76%,27.8%,0.16620000000000001,13.8%,9.51%
835200,4.39%,7.46%,3.28%,28.6%,0.11080000000000001,11.6%,6.96%
835500,8.24%,5.39%,3.57%,13.7%,0.0166,13.6%,11.5%
835600,2.16%,6.9%,3.11%,25.1%,0.0162,7.3%,7.84%
835700,8.93%,13.9%,0.0%,39.1%,0.0,32.0%,0.0%
835800,1.71%,17.3%,17.6%,10.7%,0.0108,12.5%,15.0%
835900,2.52%,6.46%,6.1%,18.7%,0.0033,20.4%,8.97%
836000,8.75%,12.8%,13.9%,11.4%,0.0,24.1%,3.66%
836100,2.12%,9.38%,4.39%,22.7%,0.0144,24.9%,9.73%
836200,0.0%,2.34%,8.38%,0.07%,0.0,0.74%,0.0%
836300,5.66%,13.2%,19.4%,7.24%,0.0,12.5%,1.08%
836400,6.5%,15.3%,16.4%,13.2%,0.0088,15.8%,2.85%
836500,5.45%,8.39%,3.63%,21.1%,0.0047,18.1%,10.9%
836600,6.57%,18.5%,3.75%,17.6%,0.038,14.9%,5.66%
836700,3.49%,9.56%,1.48%,23.0%,0.0245,23.8%,10.5%
836800,4.07%,4.19%,2.81%,26.8%,0.0175,10.4%,16.7%
836900,2.92%,8.12%,3.47%,29.4%,0.0,13.7%,13.0%
837000,6.18%,11.4%,8.06%,24.1%,0.0039,21.5%,5.02%
837100,4.4%,11.3%,4.34%,11.6%,0.0131,18.2%,5.16%
837300,5.43%,7.74%,4.48%,25.5%,0.0088,21.3%,10.1%
837400,6.67%,7.53%,2.52%,22.2%,0.0315,15.3%,15.0%
837800,1.98%,23.1%,9.58%,15.9%,0.0077,14.2%,10.2%
838000,8.01%,17.8%,8.61%,15.6%,0.0037,12.0%,5.54%
838100,4.85%,15.3%,16.2%,10.2%,0.0114,11.5%,9.75%
838200,0.41%,18.7%,14.1%,3.23%,0.0124,4.4%,0.29%
838300,4.44%,27.7%,11.4%,18.5%,0.034699999999999995,8.71%,3.24%
838600,8.01%,0.41%,0.0%,11.5%,0.0267,20.9%,17.8%
838700,5.31%,4.12%,1.28%,18.0%,0.0247,17.9%,17.8%
838800,2.21%,3.02%,2.64%,25.4%,0.0943,12.8%,6.22%
839000,3.01%,30.9%,29.6%,1.45%,0.0039,7.33%,0.0%
839100,2.54%,28.8%,23.3%,6.34%,0.0188,5.09%,3.21%
839200,4.84%,15.7%,20.5%,7.58%,0.0,14.8%,6.52%
839500,3.05%,18.3%,12.6%,3.36%,0.0173,6.57%,3.6%
839600,1.17%,23.7%,8.33%,9.42%,0.0022,15.0%,2.26%
839700,4.7%,24.7%,12.7%,12.9%,0.055499999999999994,12.4%,6.59%
839800,1.82%,16.6%,15.4%,13.6%,0.044,15.5%,3.55%
839900,6.12%,18.3%,14.0%,18.2%,0.024300000000000002,14.4%,5.98%
840000,6.35%,21.3%,10.2%,20.5%,0.0346,14.2%,3.91%
840100,4.66%,14.0%,5.59%,29.3%,0.07999999999999999,9.92%,6.1%
840200,3.2%,17.5%,8.29%,18.1%,0.0958,7.5%,4.34%
840300,3.45%,9.34%,3.79%,24.9%,0.10830000000000001,13.4%,9.2%
840400,5.88%,17.8%,9.37%,16.2%,0.1302,8.54%,4.6%
840700,1.03%,6.25%,3.41%,12.8%,0.2509,14.4%,9.07%
840800,3.16%,4.18%,0.0%,26.0%,0.197,11.6%,10.8%
841000,6.82%,22.5%,31.8%,8.35%,0.0013,11.7%,0.0%
841100,3.92%,12.8%,7.51%,20.6%,0.0982,4.14%,4.3%
841200,2.75%,15.2%,8.38%,20.3%,0.16319999999999998,9.25%,7.55%
841300,6.14%,16.9%,4.86%,14.1%,0.1184,9.14%,9.52%
841400,5.43%,10.9%,0.24%,24.8%,0.025299999999999996,23.0%,7.6%
841500,6.13%,5.51%,2.58%,20.9%,0.0349,23.0%,6.7%
841600,7.63%,7.43%,0.82%,29.5%,0.0,9.49%,11.3%
841700,1.8%,4.67%,2.7%,19.2%,0.05729999999999999,9.59%,19.2%
841800,9.79%,4.81%,5.24%,18.8%,0.0144,22.2%,4.65%
841900,1.94%,18.7%,18.0%,4.11%,0.0037,3.65%,2.08%
842000,2.18%,7.05%,5.89%,6.46%,0.0043,5.56%,1.34%
842100,2.73%,6.14%,4.31%,21.1%,0.0784,20.3%,7.48%
842200,1.71%,43.4%,18.2%,7.01%,0.006500000000000001,4.05%,1.82%
842300,2.43%,49.3%,21.7%,3.34%,0.0039,9.87%,1.47%
842400,4.83%,16.6%,5.93%,16.8%,0.0,19.0%,6.45%
842500,2.91%,5.47%,0.8%,26.0%,0.0,30.0%,11.5%
842600,4.34%,10.5%,4.57%,28.7%,0.0404,14.3%,9.02%
842800,0.5%,3.62%,0.73%,25.1%,0.2671,13.2%,9.99%
842900,4.56%,8.86%,4.49%,9.55%,0.0106,18.5%,15.3%
843000,6.6%,4.72%,0.77%,16.0%,0.0625,19.1%,8.32%
843100,4.07%,7.38%,5.01%,25.6%,0.011,19.5%,7.3%
843200,2.15%,16.5%,8.96%,14.3%,0.08270000000000001,11.9%,15.3%
843300,2.12%,6.31%,4.35%,20.9%,0.0618,18.9%,14.4%
843400,4.15%,3.73%,2.13%,20.2%,0.05,24.8%,3.09%
843500,3.31%,1.11%,0.27%,24.5%,0.0707,7.0%,20.1%
843600,5.24%,17.8%,10.8%,12.9%,0.0,21.6%,1.45%
843700,7.92%,27.1%,22.3%,10.9%,0.0437,9.17%,2.85%
843800,7.79%,4.41%,1.2%,41.8%,0.0129,20.3%,7.39%
843900,4.51%,18.5%,11.4%,11.7%,0.0138,14.6%,7.14%
840000.1,3.69%,7.97%,3.25%,24.8%,0.1421,9.52%,6.28%
840801,3.64%,6.47%,3.08%,23.4%,0.0347,11.1%,7.99%
